date,actual,predicted,error,absolute_error
2025-03-20,12373,12646.185,-273.1849999999995,273.1849999999995
2025-03-21,12363,12840.15,-477.14999999999964,477.14999999999964
2025-03-22,12293,12510.695,-217.6949999999997,217.6949999999997
2025-03-23,12309,12580.795,-271.7950000000001,271.7950000000001
2025-03-24,13097,12524.935,572.0650000000005,572.0650000000005
2025-03-25,12846,12638.025,207.97500000000036,207.97500000000036
2025-03-26,12506,12702.5,-196.5,196.5
2025-03-27,12726,12596.33,129.67000000000007,129.67000000000007
2025-03-28,12283,12687.085,-404.0849999999991,404.0849999999991
2025-03-29,12656,12760.355,-104.35499999999956,104.35499999999956
2025-03-30,12544,12739.155,-195.15500000000065,195.15500000000065
2025-03-31,13439,12552.69,886.3099999999995,886.3099999999995
2025-04-01,13552,12884.59,667.4099999999999,667.4099999999999
2025-04-02,13128,13083.86,44.13999999999942,44.13999999999942
2025-04-03,12598,12836.505,-238.5049999999992,238.5049999999992
2025-04-04,12751,12903.265,-152.26499999999942,152.26499999999942
2025-04-05,12797,13102.21,-305.2099999999991,305.2099999999991
2025-04-06,13613,13016.485,596.5149999999994,596.5149999999994
2025-04-07,12951,13182.785,-231.78499999999985,231.78499999999985
2025-04-08,12862,13166.84,-304.84000000000015,304.84000000000015
2025-04-09,13044,13072.1,-28.100000000000364,28.100000000000364
2025-04-10,13053,13008.855,44.14500000000044,44.14500000000044
2025-04-11,13683,13102.64,580.3600000000006,580.3600000000006
2025-04-12,13574,13228.805,345.1949999999997,345.1949999999997
2025-04-13,12778,13173.205,-395.2049999999999,395.2049999999999
2025-04-14,13351,13379.125,-28.125,28.125
2025-04-15,12816,13129.36,-313.3600000000006,313.3600000000006
2025-04-16,12673,13207.84,-534.8400000000001,534.8400000000001
2025-04-17,12934,13363.67,-429.6700000000001,429.6700000000001
2025-04-18,13657,13180.055,476.9449999999997,476.9449999999997
2025-04-19,13497,13156.97,340.03000000000065,340.03000000000065
2025-04-20,13650,13055.63,594.3700000000008,594.3700000000008
2025-04-21,13177,13185.705,-8.704999999999927,8.704999999999927
2025-04-22,13353,13171.81,181.1900000000005,181.1900000000005
2025-04-23,12917,13173.385,-256.3850000000002,256.3850000000002
2025-04-24,13136,13237.86,-101.86000000000058,101.86000000000058
2025-04-25,12742,13260.955,-518.9549999999999,518.9549999999999
2025-04-26,13461,13393.64,67.36000000000058,67.36000000000058
2025-04-27,12915,13187.76,-272.7600000000002,272.7600000000002
2025-04-28,13153,13107.125,45.875,45.875
2025-04-29,13146,13188.715,-42.715000000000146,42.715000000000146
2025-04-30,13143,12933.785,209.21500000000015,209.21500000000015
2025-05-01,13410,12977.505,432.4950000000008,432.4950000000008
2025-05-02,13257,13036.865,220.13500000000022,220.13500000000022
2025-05-03,13526,13088.62,437.3799999999992,437.3799999999992
2025-05-04,12719,13262.985,-543.9850000000006,543.9850000000006
2025-05-05,13571,13435.915,135.08499999999913,135.08499999999913
2025-05-06,14253,13262.185,990.8150000000005,990.8150000000005
2025-05-07,13050,13396.91,-346.90999999999985,346.90999999999985
2025-05-08,13151,13420.31,-269.3099999999995,269.3099999999995
2025-05-09,12810,13499.61,-689.6100000000006,689.6100000000006
2025-05-10,12885,13373.815,-488.8150000000005,488.8150000000005
2025-05-11,13418,13381.235,36.76499999999942,36.76499999999942
2025-05-12,13694,13377.46,316.5400000000009,316.5400000000009
2025-05-13,13433,13434.63,-1.6299999999991996,1.6299999999991996
2025-05-14,13450,13290.275,159.72500000000036,159.72500000000036
2025-05-15,12967,13219.12,-252.1200000000008,252.1200000000008
2025-05-16,12710,13331.975,-621.9750000000004,621.9750000000004
2025-05-17,13594,13431.3,162.70000000000073,162.70000000000073
2025-05-18,13160,13508.295,-348.2950000000001,348.2950000000001
2025-05-19,13306,13298.535,7.4650000000001455,7.4650000000001455
2025-05-20,13482,13426.97,55.030000000000655,55.030000000000655
2025-05-21,13293,13278.96,14.040000000000873,14.040000000000873
2025-05-22,13262,13270.7,-8.700000000000728,8.700000000000728
2025-05-23,13111,13291.195,-180.1949999999997,180.1949999999997
2025-05-24,13476,13385.025,90.97500000000036,90.97500000000036
2025-05-25,13105,13241.12,-136.1200000000008,136.1200000000008
2025-05-26,13477,13272.84,204.15999999999985,204.15999999999985
2025-05-27,13186,13356.405,-170.40500000000065,170.40500000000065
2025-05-28,13215,13237.745,-22.7450000000008,22.7450000000008
2025-05-29,13248,13343.505,-95.5049999999992,95.5049999999992
2025-05-30,13756,13340.97,415.03000000000065,415.03000000000065
2025-05-31,13720,13386.46,333.5400000000009,333.5400000000009
2025-06-01,13773,13632.1,140.89999999999964,140.89999999999964
2025-06-02,13817,13508.135,308.8649999999998,308.8649999999998
2025-06-03,14208,13562.12,645.8799999999992,645.8799999999992
2025-06-04,13954,13844.045,109.95499999999993,109.95499999999993
2025-06-05,14089,13698.205,390.7950000000001,390.7950000000001
2025-06-06,13786,13637.64,148.36000000000058,148.36000000000058
2025-06-07,13597,13545.38,51.6200000000008,51.6200000000008
2025-06-08,13961,13842.165,118.83499999999913,118.83499999999913
2025-06-09,13805,13604.31,200.6900000000005,200.6900000000005
2025-06-10,13640,13809.035,-169.03499999999985,169.03499999999985
2025-06-11,13576,13720.22,-144.21999999999935,144.21999999999935
2025-06-12,13771,13866.365,-95.36499999999978,95.36499999999978
2025-06-13,14026,13643.755,382.2450000000008,382.2450000000008
2025-06-14,13875,13573.075,301.9249999999993,301.9249999999993
2025-06-15,13746,13771.89,-25.889999999999418,25.889999999999418
2025-06-16,13788,13553.12,234.8799999999992,234.8799999999992
2025-06-17,13592,13565.125,26.875,26.875
2025-06-18,13450,13626.55,-176.54999999999927,176.54999999999927
2025-06-19,13794,13632.605,161.39500000000044,161.39500000000044
2025-06-20,13922,13704.625,217.375,217.375
2025-06-21,13886,13666.76,219.23999999999978,219.23999999999978
2025-06-22,13476,13774.675,-298.6749999999993,298.6749999999993
2025-06-23,13652,13766.965,-114.96500000000015,114.96500000000015
2025-06-24,14095,13834.215,260.78499999999985,260.78499999999985
2025-06-25,14074,13617.115,456.8850000000002,456.8850000000002
2025-06-26,13451,13585.75,-134.75,134.75
2025-06-27,13623,13669.685,-46.68499999999949,46.68499999999949
2025-06-28,13792,13596.54,195.45999999999913,195.45999999999913
2025-06-29,13973,13744.22,228.78000000000065,228.78000000000065
2025-06-30,13604,13610.085,-6.084999999999127,6.084999999999127
2025-07-01,12985,13723.675,-738.6749999999993,738.6749999999993
2025-07-02,12658,13802.64,-1144.6399999999994,1144.6399999999994
2025-07-03,12912,13531.09,-619.0900000000001,619.0900000000001
2025-07-04,12997,13511.99,-514.9899999999998,514.9899999999998
2025-07-05,12226,13404.51,-1178.5100000000002,1178.5100000000002
2025-07-06,12435,13008.72,-573.7199999999993,573.7199999999993
2025-07-07,12591,12442.65,148.35000000000036,148.35000000000036
2025-07-08,12825,12395.35,429.64999999999964,429.64999999999964
2025-07-09,12583,12490.715,92.28499999999985,92.28499999999985
2025-07-10,12622,12419.875,202.125,202.125
2025-07-11,12900,12399.645,500.35499999999956,500.35499999999956
2025-07-12,13304,12509.36,794.6399999999994,794.6399999999994
2025-07-13,12352,12636.82,-284.8199999999997,284.8199999999997
2025-07-14,12522,12445.79,76.20999999999913,76.20999999999913
2025-07-15,13082,12437.005,644.9950000000008,644.9950000000008
2025-07-16,12614,12563.84,50.159999999999854,50.159999999999854
2025-07-17,12949,12463.135,485.8649999999998,485.8649999999998
2025-07-18,12937,12496.745,440.2549999999992,440.2549999999992
2025-07-19,12912,12537.355,374.64500000000044,374.64500000000044
2025-07-20,12570,12487.815,82.18499999999949,82.18499999999949
2025-07-21,12293,12482.405,-189.40500000000065,189.40500000000065
2025-07-22,12816,12399.075,416.9249999999993,416.9249999999993
2025-07-23,12356,12386.725,-30.725000000000364,30.725000000000364
2025-07-24,12636,12476.595,159.40500000000065,159.40500000000065
2025-07-25,12145,12417.94,-272.9400000000005,272.9400000000005
2025-07-26,12801,12463.6,337.39999999999964,337.39999999999964
2025-07-27,12480,12551.32,-71.31999999999971,71.31999999999971
2025-07-28,13142,12601.285,540.7150000000001,540.7150000000001
2025-07-29,12505,12597.51,-92.51000000000022,92.51000000000022
2025-07-30,13137,12675.965,461.03499999999985,461.03499999999985
2025-07-31,12282,12530.765,-248.76499999999942,248.76499999999942
2025-08-01,13763,12872.165,890.8349999999991,890.8349999999991
2025-08-02,14160,12999.39,1160.6100000000006,1160.6100000000006
2025-08-03,13671,12906.725,764.2749999999996,764.2749999999996
2025-08-04,13763,13203.745,559.2549999999992,559.2549999999992
2025-08-05,14034,13305.485,728.5149999999994,728.5149999999994
2025-08-06,13639,13386.925,252.07500000000073,252.07500000000073
2025-08-07,14018,13561.915,456.0849999999991,456.0849999999991
2025-08-08,13992,13525.695,466.3050000000003,466.3050000000003
2025-08-09,13715,13703.905,11.094999999999345,11.094999999999345
2025-08-10,14372,13602.735,769.2649999999994,769.2649999999994
2025-08-11,14128,13604.845,523.1550000000007,523.1550000000007
2025-08-12,13799,13716.455,82.54500000000007,82.54500000000007
2025-08-13,13755,13599.49,155.51000000000022,155.51000000000022
2025-08-14,13977,13683.05,293.9500000000007,293.9500000000007
2025-08-15,14044,13659.755,384.2450000000008,384.2450000000008
2025-08-16,13765,13607.755,157.2450000000008,157.2450000000008
2025-08-17,13271,13890.985,-619.9850000000006,619.9850000000006
2025-08-18,13949,13842.155,106.84499999999935,106.84499999999935
2025-08-19,14013,13619.96,393.0400000000009,393.0400000000009
2025-08-20,14481,13617.64,863.3600000000006,863.3600000000006
2025-08-21,13789,13697.06,91.94000000000051,91.94000000000051
2025-08-22,14006,13711.495,294.5049999999992,294.5049999999992
2025-08-23,13877,13560.88,316.1200000000008,316.1200000000008
2025-08-24,14126,13746.575,379.4249999999993,379.4249999999993
2025-08-25,14034,13667.435,366.5650000000005,366.5650000000005
2025-08-26,13908,13663.145,244.85499999999956,244.85499999999956
2025-08-27,13978,13831.71,146.29000000000087,146.29000000000087
2025-08-28,13860,13592.9,267.10000000000036,267.10000000000036
2025-08-29,13968,13692.9,275.10000000000036,275.10000000000036
2025-08-30,14070,13610.09,459.90999999999985,459.90999999999985
2025-08-31,14350,13882.375,467.625,467.625
2025-09-01,14557,13718.2,838.7999999999993,838.7999999999993
2025-09-02,14265,13654.21,610.7900000000009,610.7900000000009
2025-09-03,14473,13651.865,821.1350000000002,821.1350000000002
2025-09-04,14432,13634.65,797.3500000000004,797.3500000000004
2025-09-05,15152,13682.76,1469.2399999999998,1469.2399999999998
2025-09-06,14228,13442.46,785.5400000000009,785.5400000000009
2025-09-07,14013,13898.765,114.23500000000058,114.23500000000058
2025-09-08,14697,13804.91,892.0900000000001,892.0900000000001
2025-09-09,14433,13779.27,653.7299999999996,653.7299999999996
2025-09-10,15138,13830.175,1307.8250000000007,1307.8250000000007
2025-09-11,14593,13483.3,1109.7000000000007,1109.7000000000007
2025-09-12,15129,13506.06,1622.9400000000005,1622.9400000000005
2025-09-13,14557,13432.49,1124.5100000000002,1124.5100000000002
2025-09-14,14536,13757.465,778.5349999999999,778.5349999999999
2025-09-15,15111,13776.155,1334.8449999999993,1334.8449999999993
2025-09-16,14686,13444.17,1241.83,1241.83
2025-09-17,14143,13397.745,745.2549999999992,745.2549999999992
2025-09-18,14889,13779.71,1109.2900000000009,1109.2900000000009
2025-09-19,13939,13247.91,691.0900000000001,691.0900000000001
2025-09-20,14602,13779.545,822.4549999999999,822.4549999999999
2025-09-21,14794,13866.67,927.3299999999999,927.3299999999999
2025-09-22,14098,13478.43,619.5699999999997,619.5699999999997
2025-09-23,14570,13770.805,799.1949999999997,799.1949999999997
2025-09-24,14259,13495.75,763.25,763.25
2025-09-25,14907,13487.85,1419.1499999999996,1419.1499999999996
2025-09-26,14183,13437.255,745.7450000000008,745.7450000000008
2025-09-27,14271,13787.275,483.72500000000036,483.72500000000036
2025-09-28,14289,13869.67,419.3299999999999,419.3299999999999
2025-09-29,14410,13498.58,911.4200000000001,911.4200000000001
2025-09-30,14510,13805.93,704.0699999999997,704.0699999999997
2025-10-01,13770,13601.005,168.9950000000008,168.9950000000008
2025-10-02,13758,13396.445,361.5550000000003,361.5550000000003
2025-10-03,14169,13328.2,840.7999999999993,840.7999999999993
2025-10-04,13481,13628.38,-147.3799999999992,147.3799999999992
2025-10-05,14057,13670.035,386.96500000000015,386.96500000000015
2025-10-06,14093,13636.775,456.22500000000036,456.22500000000036
2025-10-07,14615,13639.355,975.6450000000004,975.6450000000004
2025-10-08,14330,13233.25,1096.75,1096.75
2025-10-09,13810,13458.045,351.9549999999999,351.9549999999999
2025-10-10,13717,13325.605,391.39500000000044,391.39500000000044
2025-10-11,13876,13436.5,439.5,439.5
2025-10-12,14147,13631.435,515.5650000000005,515.5650000000005
2025-10-13,13721,13323.15,397.85000000000036,397.85000000000036
2025-10-14,14519,13640.515,878.4850000000006,878.4850000000006
2025-10-15,13705,13555.61,149.38999999999942,149.38999999999942
2025-10-16,14132,13395.47,736.5300000000007,736.5300000000007
2025-10-17,13185,13447.85,-262.85000000000036,262.85000000000036
2025-10-18,14085,13371.665,713.3349999999991,713.3349999999991
2025-10-19,13872,13622.885,249.11499999999978,249.11499999999978
2025-10-20,14053,13458.205,594.7950000000001,594.7950000000001
2025-10-21,13453,13629.135,-176.13500000000022,176.13500000000022
2025-10-22,13446,13439.025,6.975000000000364,6.975000000000364
2025-10-23,13437,13569.755,-132.7549999999992,132.7549999999992
2025-10-24,13651,13373.56,277.4400000000005,277.4400000000005
2025-10-25,13500,13566.715,-66.71500000000015,66.71500000000015
2025-10-26,13819,13476.31,342.6900000000005,342.6900000000005
2025-10-27,13457,13461.98,-4.979999999999563,4.979999999999563
2025-10-28,13544,13418.93,125.06999999999971,125.06999999999971
2025-10-29,13509,13332.58,176.42000000000007,176.42000000000007
2025-10-30,13905,13444.085,460.9150000000009,460.9150000000009
2025-10-31,13818,13367.28,450.71999999999935,450.71999999999935
2025-11-01,17087,15707.805,1379.1949999999997,1379.1949999999997
2025-11-02,15951,16658.11,-707.1100000000006,707.1100000000006
2025-11-03,16324,16037.44,286.5599999999995,286.5599999999995
2025-11-04,16386,16421.115,-35.1150000000016,35.1150000000016
2025-11-05,16673,16506.96,166.04000000000087,166.04000000000087
2025-11-06,16140,16599.53,-459.52999999999884,459.52999999999884
2025-11-07,16187,16356.625,-169.625,169.625
2025-11-08,16783,16455.36,327.6399999999994,327.6399999999994
2025-11-09,16101,16478.07,-377.0699999999997,377.0699999999997
2025-11-10,16743,16403.725,339.27500000000146,339.27500000000146
2025-11-11,16277,16462.665,-185.66500000000087,185.66500000000087
2025-11-12,16547,16413.995,133.00500000000102,133.00500000000102
2025-11-13,15893,16492.53,-599.5299999999988,599.5299999999988
2025-11-14,16118,16241.425,-123.42499999999927,123.42499999999927
2025-11-15,16466,16357.895,108.10499999999956,108.10499999999956
2025-11-16,15520,16429.515,-909.5149999999994,909.5149999999994
2025-11-17,15711,16163.69,-452.6900000000005,452.6900000000005
2025-11-18,16461,16135.115,325.8850000000002,325.8850000000002
2025-11-19,15896,16407.445,-511.4449999999997,511.4449999999997
2025-11-20,16504,16193.59,310.40999999999985,310.40999999999985
2025-11-21,16504,16473.87,30.13000000000102,30.13000000000102
2025-11-22,16382,16328.78,53.219999999999345,53.219999999999345
2025-11-23,15893,16310.545,-417.5450000000001,417.5450000000001
2025-11-24,16043,16121.45,-78.45000000000073,78.45000000000073
2025-11-25,15921,16346.275,-425.27499999999964,425.27499999999964
2025-11-26,15740,16118.115,-378.1149999999998,378.1149999999998
2025-11-27,16332,15997.99,334.0100000000002,334.0100000000002
2025-11-28,16278,16334.13,-56.1299999999992,56.1299999999992
2025-11-29,16348,16536.475,-188.47499999999854,188.47499999999854
2025-11-30,16224,16488.28,-264.27999999999884,264.27999999999884
2025-12-01,17512,17012.725,499.27500000000146,499.27500000000146
2025-12-02,17874,17651.815,222.1850000000013,222.1850000000013
2025-12-03,17682,17598.325,83.67499999999927,83.67499999999927
2025-12-04,18477,17726.98,750.0200000000004,750.0200000000004
2025-12-05,17607,17703.3,-96.29999999999927,96.29999999999927
2025-12-06,18244,17615.895,628.1049999999996,628.1049999999996
2025-12-07,18355,17676.27,678.7299999999996,678.7299999999996
2025-12-08,17878,17680.76,197.2400000000016,197.2400000000016
2025-12-09,17680,17790.485,-110.48500000000058,110.48500000000058
2025-12-10,17911,17825.765,85.23500000000058,85.23500000000058
2025-12-11,17291,17798.185,-507.1850000000013,507.1850000000013
2025-12-12,17944,17551.49,392.5099999999984,392.5099999999984
2025-12-13,18513,17660.115,852.8849999999984,852.8849999999984
2025-12-14,17776,17610.155,165.84500000000116,165.84500000000116
2025-12-15,18340,17724.45,615.5499999999993,615.5499999999993
2025-12-16,17967,17623.345,343.65499999999884,343.65499999999884
2025-12-17,18462,17749.605,712.3950000000004,712.3950000000004
2025-12-18,18044,17579.18,464.8199999999997,464.8199999999997
2025-12-19,18544,17639.985,904.0149999999994,904.0149999999994
2025-12-20,18649,17552.44,1096.5600000000013,1096.5600000000013
2025-12-21,18558,17597.62,960.380000000001,960.380000000001
2025-12-22,19104,17680.25,1423.75,1423.75
2025-12-23,18262,17723.435,538.5649999999987,538.5649999999987
2025-12-24,18511,17651.25,859.75,859.75
2025-12-25,18068,17634.305,433.6949999999997,433.6949999999997
2025-12-26,18038,17569.07,468.9300000000003,468.9300000000003
2025-12-27,18086,17470.54,615.4599999999991,615.4599999999991
2025-12-28,18183,17397.845,785.1549999999988,785.1549999999988
2025-12-29,18736,17467.28,1268.7200000000012,1268.7200000000012
2025-12-30,18230,17456.81,773.1899999999987,773.1899999999987
2025-12-31,18197,17460.4,736.5999999999985,736.5999999999985
