date,predicted_demand
2026-01-01,11212.035
2026-01-02,11289.895
2026-01-03,11244.83
2026-01-04,11154.235
2026-01-05,11139.77
2026-01-06,11079.765
2026-01-07,11375.77
2026-01-08,11208.18
2026-01-09,11272.155
2026-01-10,11293.82
2026-01-11,11296.715
2026-01-12,11289.68
2026-01-13,11340.78
2026-01-14,11286.23
2026-01-15,11403.76
2026-01-16,11365.98
2026-01-17,11385.43
2026-01-18,11372.365
2026-01-19,11385.675
2026-01-20,11337.615
2026-01-21,11359.23
2026-01-22,11350.03
2026-01-23,11346.34
2026-01-24,11324.73
2026-01-25,11292.64
2026-01-26,11354.38
2026-01-27,11375.57
2026-01-28,11324.85
2026-01-29,11294.895
2026-01-30,11299.715
